Date,Presidents Party 1 = Republican,Season,Average Population in Thousands,House Majority,Senate Majority,Pandemic/Epidemics,Inflation,Monthly Disposable Income,GDP Per Capita,Number of People Employed,CO2 Emissions ,Life expectancy,Debt to GDP Ratio
1/1/1970,1,0,203929,0,0,0,6.18%,17515,5151,78780000,"2,890,696.10",70.78,0.35
2/1/1970,1,0,204082,0,0,0,6.15%,17557,5151,78698000,"2,890,696.10",70.78,0.35
3/1/1970,1,0,204246,0,0,0,5.82%,17610,5151,78863000,"2,890,696.10",70.78,0.35
4/1/1970,1,1,204504,0,0,0,6.06%,17777,5214,78930000,"2,890,696.10",70.78,0.35
5/1/1970,1,1,204719,0,0,0,6.04%,17686,5214,78564000,"2,890,696.10",70.78,0.35
6/1/1970,1,1,204941,0,0,0,6.01%,17703,5214,78413000,"2,890,696.10",70.78,0.35
7/1/1970,1,2,205174,0,0,0,5.98%,17934,5287,78726000,"2,890,696.10",70.78,0.35
8/1/1970,1,2,205418,0,0,0,5.41%,17970,5287,78624000,"2,890,696.10",70.78,0.35
9/1/1970,1,2,205664,0,0,0,5.66%,17929,5287,78498000,"2,890,696.10",70.78,0.35
10/1/1970,1,3,205906,0,0,0,5.63%,17850,5281,78685000,"2,890,696.10",70.78,0.35
11/1/1970,1,3,206131,0,0,0,5.60%,17803,5281,78650000,"2,890,696.10",70.78,0.35
12/1/1970,1,3,206352,0,0,0,5.57%,17865,5281,78594000,"2,890,696.10",70.78,0.35
1/1/1971,1,0,206567,0,0,0,5.29%,18121,5490,78864000,"2,880,505.51",71,0.35
2/1/1971,1,0,206762,0,0,0,5.00%,18128,5490,78700000,"2,880,505.51",71,0.35
3/1/1971,1,0,206960,0,0,0,4.71%,18170,5490,78588000,"2,880,505.51",71,0.35
4/1/1971,1,1,207163,0,0,0,4.16%,18190,5576,78987000,"2,880,505.51",71,0.35
5/1/1971,1,1,207361,0,0,0,4.40%,18246,5576,79139000,"2,880,505.51",71,0.35
6/1/1971,1,1,207562,0,0,0,4.64%,18614,5576,78757000,"2,880,505.51",71,0.35
7/1/1971,1,2,207771,0,0,0,4.36%,18331,5662,79305000,"2,880,505.51",71,0.35
8/1/1971,1,2,207998,0,0,0,4.62%,18375,5662,79539000,"2,880,505.51",71,0.35
9/1/1971,1,2,208230,0,0,0,4.08%,18464,5662,79689000,"2,880,505.51",71,0.35
10/1/1971,1,3,208450,0,0,0,3.81%,18504,5705,79918000,"2,880,505.51",71,0.35
11/1/1971,1,3,208648,0,0,0,3.28%,18530,5705,80297000,"2,880,505.51",71,0.35
12/1/1971,1,3,208829,0,0,0,3.27%,18608,5705,80471000,"2,880,505.51",71,0.35
1/1/1972,1,0,208989,0,0,0,3.27%,18500,5884,80959000,"2,987,207.87",71.21,0.34
2/1/1972,1,0,209137,0,0,0,3.51%,18600,5884,81108000,"2,987,207.87",71.21,0.34
3/1/1972,1,0,209299,0,0,0,3.50%,18663,5884,81573000,"2,987,207.87",71.21,0.34
4/1/1972,1,1,209466,0,0,0,3.49%,18640,6041,81655000,"2,987,207.87",71.21,0.34
5/1/1972,1,1,209635,0,0,0,3.23%,18762,6041,81887000,"2,987,207.87",71.21,0.34
6/1/1972,1,1,209811,0,0,0,2.71%,18806,6041,82083000,"2,987,207.87",71.21,0.34
7/1/1972,1,2,209986,0,0,0,2.95%,18927,6140,82230000,"2,987,207.87",71.21,0.34
8/1/1972,1,2,210177,0,0,0,2.94%,19085,6140,82578000,"2,987,207.87",71.21,0.34
9/1/1972,1,2,210379,0,0,0,3.19%,19141,6140,82543000,"2,987,207.87",71.21,0.34
10/1/1972,1,3,210568,0,0,0,3.42%,19604,6306,82616000,"2,987,207.87",71.21,0.34
11/1/1972,1,3,210739,0,0,0,3.67%,19805,6306,82990000,"2,987,207.87",71.21,0.34
12/1/1972,1,3,210903,0,0,0,3.41%,19878,6306,83400000,"2,987,207.87",71.21,0.34
1/1/1973,1,0,211053,0,0,0,3.65%,19760,6522,83161000,"3,119,230.87",71.42,0.33
2/1/1973,1,0,211187,0,0,0,3.87%,19895,6522,83912000,"3,119,230.87",71.42,0.33
3/1/1973,1,0,211337,0,0,0,4.59%,19953,6522,84452000,"3,119,230.87",71.42,0.33
4/1/1973,1,1,211499,0,0,0,5.06%,19963,6680,84559000,"3,119,230.87",71.42,0.33
5/1/1973,1,1,211662,0,0,0,5.53%,19985,6680,84648000,"3,119,230.87",71.42,0.33
6/1/1973,1,1,211828,0,0,0,6.00%,20029,6680,85185000,"3,119,230.87",71.42,0.33
7/1/1973,1,2,212001,0,0,0,5.73%,20060,6757,85299000,"3,119,230.87",71.42,0.33
8/1/1973,1,2,212191,0,0,0,7.38%,19977,6757,85204000,"3,119,230.87",71.42,0.33
9/1/1973,1,2,212382,0,0,0,7.36%,20061,6757,85488000,"3,119,230.87",71.42,0.33
10/1/1973,1,3,212555,0,0,0,7.80%,20221,6940,85987000,"3,119,230.87",71.42,0.33
11/1/1973,1,3,212710,0,0,0,8.25%,20238,6940,86320000,"3,119,230.87",71.42,0.33
12/1/1973,1,3,212859,0,0,0,8.71%,20149,6940,86401000,"3,119,230.87",71.42,0.33
1/1/1974,1,0,213003,0,0,0,9.39%,19989,6996,86555000,"3,255,995.31",71.79,0.31
2/1/1974,1,0,213143,0,0,0,10.02%,19825,6996,86754000,"3,255,995.31",71.79,0.31
3/1/1974,1,0,213286,0,0,0,10.39%,19670,6996,86819000,"3,255,995.31",71.79,0.31
4/1/1974,1,1,213437,0,0,0,10.09%,19642,7163,86669000,"3,255,995.31",71.79,0.31
5/1/1974,1,1,213600,0,0,0,10.71%,19608,7163,86891000,"3,255,995.31",71.79,0.31
6/1/1974,1,1,213770,0,0,0,10.86%,19552,7163,86941000,"3,255,995.31",71.79,0.31
7/1/1974,1,2,213948,0,0,0,11.51%,19611,7285,87149000,"3,255,995.31",71.79,0.31
8/1/1974,1,2,214144,0,0,0,10.86%,19566,7285,87037000,"3,255,995.31",71.79,0.31
9/1/1974,1,2,214349,0,0,0,11.95%,19527,7285,87051000,"3,255,995.31",71.79,0.31
10/1/1974,1,3,214538,0,0,0,12.06%,19574,7451,86995000,"3,255,995.31",71.79,0.31
11/1/1974,1,3,214704,0,0,0,12.20%,19455,7451,86626000,"3,255,995.31",71.79,0.31
12/1/1974,1,3,214857,0,0,0,12.34%,19445,7451,86144000,"3,255,995.31",71.79,0.31
1/1/1975,1,0,214998,0,0,0,11.80%,19422,7512,85627000,"3,390,922.57",72.15,0.32
2/1/1975,1,0,215132,0,0,0,11.23%,19422,7512,85256000,"3,390,922.57",72.15,0.32
3/1/1975,1,0,215276,0,0,0,10.25%,19426,7512,85187000,"3,390,922.57",72.15,0.32
4/1/1975,1,1,215438,0,0,0,10.21%,19767,7660,85189000,"3,390,922.57",72.15,0.32
5/1/1975,1,1,215646,0,0,0,9.47%,20888,7660,85451000,"3,390,922.57",72.15,0.32
6/1/1975,1,1,215871,0,0,0,9.39%,20164,7660,85355000,"3,390,922.57",72.15,0.32
7/1/1975,1,2,216084,0,0,0,9.72%,19834,7905,85894000,"3,390,922.57",72.15,0.32
8/1/1975,1,2,216294,0,0,0,8.60%,19946,7905,86234000,"3,390,922.57",72.15,0.32
9/1/1975,1,2,216490,0,0,0,7.91%,19977,7905,86279000,"3,390,922.57",72.15,0.32
10/1/1975,1,3,216679,0,0,0,7.44%,20043,8125,86370000,"3,390,922.57",72.15,0.32
11/1/1975,1,3,216851,0,0,0,7.38%,20012,8125,86456000,"3,390,922.57",72.15,0.32
12/1/1975,1,3,217013,0,0,0,6.94%,20017,8125,86665000,"3,390,922.57",72.15,0.32
1/1/1976,1,0,217172,0,0,0,6.72%,20132,8377,87400000,"3,561,878.11",72.52,0.33
2/1/1976,1,0,217315,0,0,0,6.29%,20243,8377,87672000,"3,561,878.11",72.52,0.33
3/1/1976,1,0,217455,0,0,0,6.07%,20290,8377,87985000,"3,561,878.11",72.52,0.33
4/1/1976,1,1,217607,0,0,0,6.05%,20302,8506,88416000,"3,561,878.11",72.52,0.33
5/1/1976,1,1,217773,0,0,0,6.20%,20287,8506,88794000,"3,561,878.11",72.52,0.33
6/1/1976,1,1,217948,0,0,0,5.97%,20291,8506,88563000,"3,561,878.11",72.52,0.33
7/1/1976,1,2,218134,0,0,0,5.35%,20389,8641,89093000,"3,561,878.11",72.52,0.33
8/1/1976,1,2,218337,0,0,0,5.71%,20412,8641,89223000,"3,561,878.11",72.52,0.33
9/1/1976,1,2,218542,0,0,0,5.49%,20397,8641,89173000,"3,561,878.11",72.52,0.33
10/1/1976,1,3,218739,0,0,0,5.46%,20343,8836,89274000,"3,561,878.11",72.52,0.33
11/1/1976,1,3,218920,0,0,0,4.88%,20509,8836,89634000,"3,561,878.11",72.52,0.33
12/1/1976,1,3,219093,0,0,0,4.86%,20571,8836,89803000,"3,561,878.11",72.52,0.33
1/1/1977,0,0,219262,0,0,0,5.22%,20514,9063,89928000,"3,695,708.94",72.88,0.34
2/1/1977,0,0,219424,0,0,0,5.91%,20317,9063,90342000,"3,695,708.94",72.88,0.34
3/1/1977,0,0,219594,0,0,0,6.44%,20586,9063,90808000,"3,695,708.94",72.88,0.34
4/1/1977,0,1,219772,0,0,0,6.95%,20601,9347,91271000,"3,695,708.94",72.88,0.34
5/1/1977,0,1,219953,0,0,0,6.73%,20588,9347,91754000,"3,695,708.94",72.88,0.34
6/1/1977,0,1,220143,0,0,0,6.87%,20656,9347,91959000,"3,695,708.94",72.88,0.34
7/1/1977,0,2,220349,0,0,0,6.83%,20770,9604,92084000,"3,695,708.94",72.88,0.34
8/1/1977,0,2,220573,0,0,0,6.62%,20833,9604,92441000,"3,695,708.94",72.88,0.34
9/1/1977,0,2,220796,0,0,0,6.60%,20926,9604,92702000,"3,695,708.94",72.88,0.34
10/1/1977,0,3,221007,0,0,0,6.39%,21058,9784,93052000,"3,695,708.94",72.88,0.34
11/1/1977,0,3,221206,0,0,0,6.72%,21207,9784,93761000,"3,695,708.94",72.88,0.34
12/1/1977,0,3,221390,0,0,0,6.70%,21278,9784,94105000,"3,695,708.94",72.88,0.34
1/1/1978,0,0,221553,0,0,0,6.84%,21171,9935,94384000,"3,831,354.94",73.25,0.33
2/1/1978,0,0,221711,0,0,0,6.43%,21282,9935,94519000,"3,831,354.94",73.25,0.33
3/1/1978,0,0,221892,0,0,0,6.55%,21441,9935,94755000,"3,831,354.94",73.25,0.33
4/1/1978,0,1,222084,0,0,0,6.50%,21497,10490,95394000,"3,831,354.94",73.25,0.33
5/1/1978,0,1,222278,0,0,0,6.97%,21464,10490,95769000,"3,831,354.94",73.25,0.33
6/1/1978,0,1,222482,0,0,0,7.41%,21446,10490,96343000,"3,831,354.94",73.25,0.33
7/1/1978,0,2,222697,0,0,0,7.70%,21532,10743,96090000,"3,831,354.94",73.25,0.33
8/1/1978,0,2,222933,0,0,0,7.84%,21600,10743,96431000,"3,831,354.94",73.25,0.33
9/1/1978,0,2,223168,0,0,0,8.31%,21584,10743,96670000,"3,831,354.94",73.25,0.33
10/1/1978,0,3,223383,0,0,0,8.93%,21622,11078,97133000,"3,831,354.94",73.25,0.33
11/1/1978,0,3,223585,0,0,0,8.89%,21621,11078,97485000,"3,831,354.94",73.25,0.33
12/1/1978,0,3,223781,0,0,0,9.02%,21710,11078,97581000,"3,831,354.94",73.25,0.33
1/1/1979,0,0,223973,0,0,0,9.28%,21796,11272,97948000,"4,024,748.85",73.47,0.32
2/1/1979,0,0,224150,0,0,0,9.86%,21867,11272,98329000,"4,024,748.85",73.47,0.32
3/1/1979,0,0,224333,0,0,0,10.09%,21908,11272,98480000,"4,024,748.85",73.47,0.32
4/1/1979,0,1,224529,0,0,0,10.49%,21710,11530,98103000,"4,024,748.85",73.47,0.32
5/1/1979,0,1,224734,0,0,0,10.85%,21590,11530,98331000,"4,024,748.85",73.47,0.32
6/1/1979,0,1,224948,0,0,0,10.89%,21513,11530,98679000,"4,024,748.85",73.47,0.32
7/1/1979,0,2,225174,0,0,0,11.26%,21647,11834,99006000,"4,024,748.85",73.47,0.32
8/1/1979,0,2,225419,0,0,0,11.82%,21653,11834,98776000,"4,024,748.85",73.47,0.32
9/1/1979,0,2,225662,0,0,0,12.18%,21610,11834,99340000,"4,024,748.85",73.47,0.32
10/1/1979,0,3,225893,0,0,0,12.07%,21575,12046,99404000,"4,024,748.85",73.47,0.32
11/1/1979,0,3,226120,0,0,0,12.61%,21612,12046,99574000,"4,024,748.85",73.47,0.32
12/1/1979,0,3,226339,0,0,0,13.29%,21634,12046,99933000,"4,024,748.85",73.47,0.32
1/1/1980,0,0,226554,0,0,0,13.91%,21763,12303,99879000,"4,328,904.50",73.7,0.32
2/1/1980,0,0,226753,0,0,0,14.18%,21627,12303,99995000,"4,328,904.50",73.7,0.32
3/1/1980,0,0,226955,0,0,0,14.76%,21472,12303,99713000,"4,328,904.50",73.7,0.32
4/1/1980,0,1,227156,0,0,0,14.73%,21430,12302,99233000,"4,328,904.50",73.7,0.32
5/1/1980,0,1,227387,0,0,0,14.41%,21330,12302,98945000,"4,328,904.50",73.7,0.32
6/1/1980,0,1,227624,0,0,0,14.38%,21354,12302,98682000,"4,328,904.50",73.7,0.32
7/1/1980,0,2,227840,0,0,0,13.13%,21521,12525,98796000,"4,328,904.50",73.7,0.32
8/1/1980,0,2,228070,0,0,0,12.87%,21523,12525,98824000,"4,328,904.50",73.7,0.32
9/1/1980,0,2,228302,0,0,0,12.60%,21594,12525,99077000,"4,328,904.50",73.7,0.32
10/1/1980,0,3,228515,0,0,0,12.77%,21744,13055,99317000,"4,328,904.50",73.7,0.32
11/1/1980,0,3,228696,0,0,0,12.65%,21760,13055,99545000,"4,328,904.50",73.7,0.32
12/1/1980,0,3,228858,0,0,1,12.52%,21847,13055,99634000,"4,328,904.50",73.7,0.32
1/1/1981,1,0,229004,0,1,1,11.83%,21748,13634,99955000,"4,356,770.03",73.92,0.31
2/1/1981,1,0,229148,0,1,1,11.41%,21667,13634,100191000,"4,356,770.03",73.92,0.31
3/1/1981,1,0,229314,0,1,1,10.49%,21713,13634,100571000,"4,356,770.03",73.92,0.31
4/1/1981,1,1,229489,0,1,1,10.00%,21635,13770,101056000,"4,356,770.03",73.92,0.31
5/1/1981,1,1,229668,0,1,1,9.78%,21661,13770,101048000,"4,356,770.03",73.92,0.31
6/1/1981,1,1,229864,0,1,1,9.55%,21760,13770,100298000,"4,356,770.03",73.92,0.31
7/1/1981,1,2,230077,0,1,1,10.76%,22083,14158,100693000,"4,356,770.03",73.92,0.31
8/1/1981,1,2,230300,0,1,1,10.80%,22127,14158,100689000,"4,356,770.03",73.92,0.31
9/1/1981,1,2,230527,0,1,1,10.95%,22068,14158,100064000,"4,356,770.03",73.92,0.31
10/1/1981,1,3,230732,0,1,1,10.14%,22077,14209,100378000,"4,356,770.03",73.92,0.31
11/1/1981,1,3,230906,0,1,1,9.59%,22073,14209,100207000,"4,356,770.03",73.92,0.31
12/1/1981,1,3,231073,0,1,1,8.92%,22029,14209,99645000,"4,356,770.03",73.92,0.31
1/1/1982,1,0,231235,0,1,1,8.39%,22042,14150,99692000,"4,564,952.96",74.15,0.34
2/1/1982,1,0,231392,0,1,1,7.62%,22087,14150,99762000,"4,564,952.96",74.15,0.34
3/1/1982,1,0,231558,0,1,1,6.78%,22068,14150,99672000,"4,564,952.96",74.15,0.34
4/1/1982,1,1,231727,0,1,1,6.51%,22270,14368,99576000,"4,564,952.96",74.15,0.34
5/1/1982,1,1,231901,0,1,1,6.68%,22160,14368,100116000,"4,564,952.96",74.15,0.34
6/1/1982,1,1,232090,0,1,1,7.06%,22020,14368,99543000,"4,564,952.96",74.15,0.34
7/1/1982,1,2,232290,0,1,1,6.44%,22201,14479,99493000,"4,564,952.96",74.15,0.34
8/1/1982,1,2,232496,0,1,1,5.85%,22214,14479,99633000,"4,564,952.96",74.15,0.34
9/1/1982,1,2,232708,0,1,1,5.04%,22184,14479,99504000,"4,564,952.96",74.15,0.34
10/1/1982,1,3,232905,0,1,1,5.14%,22139,14599,99215000,"4,564,952.96",74.15,0.34
11/1/1982,1,3,233077,0,1,1,4.59%,22208,14599,99112000,"4,564,952.96",74.15,0.34
12/1/1982,1,3,233241,0,1,1,3.83%,22295,14599,99032000,"4,564,952.96",74.15,0.34
1/1/1983,1,0,233398,0,1,1,3.71%,22353,14872,99161000,"4,770,194.95",74.37,0.37
2/1/1983,1,0,233543,0,1,1,3.49%,22346,14872,99089000,"4,770,194.95",74.37,0.37
3/1/1983,1,0,233697,0,1,1,3.60%,22436,14872,99179000,"4,770,194.95",74.37,0.37
4/1/1983,1,1,233852,0,1,1,3.90%,22469,15292,99560000,"4,770,194.95",74.37,0.37
5/1/1983,1,1,234020,0,1,1,3.55%,22497,15292,99642000,"4,770,194.95",74.37,0.37
6/1/1983,1,1,234213,0,1,1,2.58%,22496,15292,100633000,"4,770,194.95",74.37,0.37
7/1/1983,1,2,234404,0,1,1,2.46%,22761,15725,101208000,"4,770,194.95",74.37,0.37
8/1/1983,1,2,234601,0,1,1,2.56%,22699,15725,101608000,"4,770,194.95",74.37,0.37
9/1/1983,1,2,234804,0,1,1,2.86%,22845,15725,102016000,"4,770,194.95",74.37,0.37
10/1/1983,1,3,234993,0,1,1,2.85%,23033,16137,102039000,"4,770,194.95",74.37,0.37
11/1/1983,1,3,235157,0,1,1,3.27%,23217,16137,102729000,"4,770,194.95",74.37,0.37
12/1/1983,1,3,235310,0,1,1,3.79%,23413,16137,102996000,"4,770,194.95",74.37,0.37
1/1/1984,1,0,235456,0,1,1,4.19%,23508,16587,103201000,"4,598,487.67",74.47,0.38
2/1/1984,1,0,235601,0,1,1,4.60%,23634,16587,103824000,"4,598,487.67",74.47,0.38
3/1/1984,1,0,235757,0,1,1,4.80%,23775,16587,103967000,"4,598,487.67",74.47,0.38
4/1/1984,1,1,235916,0,1,1,4.56%,23923,16984,104336000,"4,598,487.67",74.47,0.38
5/1/1984,1,1,236077,0,1,1,4.23%,23944,16984,105193000,"4,598,487.67",74.47,0.38
6/1/1984,1,1,236254,0,1,1,4.22%,24085,16984,105591000,"4,598,487.67",74.47,0.38
7/1/1984,1,2,236449,0,1,1,4.20%,24096,17258,105435000,"4,598,487.67",74.47,0.38
8/1/1984,1,2,236655,0,1,1,4.29%,24239,17258,105163000,"4,598,487.67",74.47,0.38
9/1/1984,1,2,236868,0,1,1,4.27%,24389,17258,105490000,"4,598,487.67",74.47,0.38
10/1/1984,1,3,237068,0,1,1,4.26%,24278,17487,105638000,"4,598,487.67",74.47,0.38
11/1/1984,1,3,237238,0,1,1,4.05%,24365,17487,105972000,"4,598,487.67",74.47,0.38
12/1/1984,1,3,237392,0,1,1,3.95%,24498,17487,106223000,"4,598,487.67",74.47,0.38
1/1/1985,1,0,237535,0,1,1,3.53%,24475,17798,106302000,"4,406,329.54",74.58,0.41
2/1/1985,1,0,237667,0,1,1,3.52%,24234,17798,106555000,"4,406,329.54",74.58,0.41
3/1/1985,1,0,237816,0,1,1,3.70%,24107,17798,106989000,"4,406,329.54",74.58,0.41
4/1/1985,1,1,237987,0,1,1,3.69%,24489,18032,106936000,"4,406,329.54",74.58,0.41
5/1/1985,1,1,238172,0,1,1,3.77%,25067,18032,106932000,"4,406,329.54",74.58,0.41
6/1/1985,1,1,238368,0,1,1,3.76%,24520,18032,106505000,"4,406,329.54",74.58,0.41
7/1/1985,1,2,238573,0,1,1,3.55%,24551,18371,106807000,"4,406,329.54",74.58,0.41
8/1/1985,1,2,238789,0,1,1,3.35%,24511,18371,107095000,"4,406,329.54",74.58,0.41
9/1/1985,1,2,239006,0,1,1,3.14%,24593,18371,107657000,"4,406,329.54",74.58,0.41
10/1/1985,1,3,239210,0,1,1,3.23%,24694,18564,107847000,"4,406,329.54",74.58,0.41
11/1/1985,1,3,239392,0,1,1,3.51%,24712,18564,108007000,"4,406,329.54",74.58,0.41
12/1/1985,1,3,239558,0,1,1,3.80%,24842,18564,108216000,"4,406,329.54",74.58,0.41
1/1/1986,1,0,239713,0,1,1,3.89%,24870,18794,108887000,"4,613,100.67",74.68,0.46
2/1/1986,1,0,239858,0,1,1,3.11%,24983,18794,108480000,"4,613,100.67",74.68,0.46
3/1/1986,1,0,240011,0,1,1,2.26%,25222,18794,108837000,"4,613,100.67",74.68,0.46
4/1/1986,1,1,240183,0,1,1,1.59%,25301,18910,108952000,"4,613,100.67",74.68,0.46
5/1/1986,1,1,240365,0,1,1,1.49%,25306,18910,109089000,"4,613,100.67",74.68,0.46
6/1/1986,1,1,240555,0,1,1,1.77%,25268,18910,109576000,"4,613,100.67",74.68,0.46
7/1/1986,1,2,240753,0,1,1,1.58%,25379,19122,109810000,"4,613,100.67",74.68,0.46
8/1/1986,1,2,240961,0,1,1,1.57%,25395,19122,110015000,"4,613,100.67",74.68,0.46
9/1/1986,1,2,241171,0,1,1,1.75%,25397,19122,110085000,"4,613,100.67",74.68,0.46
10/1/1986,1,3,241371,0,1,1,1.47%,25360,19283,110273000,"4,613,100.67",74.68,0.46
11/1/1986,1,3,241544,0,1,1,1.28%,25358,19283,110475000,"4,613,100.67",74.68,0.46
12/1/1986,1,3,241702,0,1,1,1.10%,25386,19283,110728000,"4,613,100.67",74.68,0.46
1/1/1987,1,0,241857,0,0,1,1.46%,25467,19512,110953000,"4,742,292.75",74.79,0.48
2/1/1987,1,0,242005,0,0,1,2.10%,25587,19512,111257000,"4,742,292.75",74.79,0.48
3/1/1987,1,0,242166,0,0,1,3.03%,25602,19512,111408000,"4,742,292.75",74.79,0.48
4/1/1987,1,1,242338,0,0,1,3.78%,24623,19818,111794000,"4,742,292.75",74.79,0.48
5/1/1987,1,1,242516,0,0,1,3.86%,25603,19818,112434000,"4,742,292.75",74.79,0.48
6/1/1987,1,1,242706,0,0,1,3.65%,25549,19818,112246000,"4,742,292.75",74.79,0.48
7/1/1987,1,2,242908,0,0,1,3.93%,25598,20091,112634000,"4,742,292.75",74.79,0.48
8/1/1987,1,2,243118,0,0,1,4.28%,25684,20091,113057000,"4,742,292.75",74.79,0.48
9/1/1987,1,2,243335,0,0,1,4.36%,25661,20091,112909000,"4,742,292.75",74.79,0.48
10/1/1987,1,3,243543,0,0,1,4.53%,25804,20548,113282000,"4,742,292.75",74.79,0.48
11/1/1987,1,3,243724,0,0,1,4.53%,25885,20548,113505000,"4,742,292.75",74.79,0.48
12/1/1987,1,3,243895,0,0,1,4.43%,26099,20548,113793000,"4,742,292.75",74.79,0.48
1/1/1988,1,0,244056,0,0,1,4.05%,26137,20775,114016000,"4,890,861.25",74.89,0.5
2/1/1988,1,0,244205,0,0,1,3.94%,26273,20775,114227000,"4,890,861.25",74.89,0.5
3/1/1988,1,0,244362,0,0,1,3.93%,26363,20775,114037000,"4,890,861.25",74.89,0.5
4/1/1988,1,1,244528,0,0,1,3.90%,26436,21208,114650000,"4,890,861.25",74.89,0.5
5/1/1988,1,1,244708,0,0,1,3.89%,26454,21208,114292000,"4,890,861.25",74.89,0.5
6/1/1988,1,1,244914,0,0,1,3.96%,26529,21208,114927000,"4,890,861.25",74.89,0.5
7/1/1988,1,2,245131,0,0,1,4.13%,26616,21531,115060000,"4,890,861.25",74.89,0.5
8/1/1988,1,2,245352,0,0,1,4.02%,26667,21531,115282000,"4,890,861.25",74.89,0.5
9/1/1988,1,2,245579,0,0,1,4.17%,26694,21531,115356000,"4,890,861.25",74.89,0.5
10/1/1988,1,3,245789,0,0,1,4.25%,26813,21952,115638000,"4,890,861.25",74.89,0.5
11/1/1988,1,3,245970,0,0,1,4.25%,26802,21952,116100000,"4,890,861.25",74.89,0.5
12/1/1988,1,3,246140,0,0,1,4.42%,26916,21952,116104000,"4,890,861.25",74.89,0.5
1/1/1989,1,0,246301,0,0,1,4.67%,27013,22362,116708000,"4,901,796.24",75.04,0.51
2/1/1989,1,0,246454,0,0,1,4.83%,27077,22362,116776000,"4,901,796.24",75.04,0.51
3/1/1989,1,0,246626,0,0,1,4.98%,27194,22362,117022000,"4,901,796.24",75.04,0.51
4/1/1989,1,1,246814,0,0,1,5.12%,27034,22721,117097000,"4,901,796.24",75.04,0.51
5/1/1989,1,1,247010,0,0,1,5.36%,26888,22721,117099000,"4,901,796.24",75.04,0.51
6/1/1989,1,1,247228,0,0,1,5.17%,26941,22721,117418000,"4,901,796.24",75.04,0.51
7/1/1989,1,2,247458,0,0,1,4.98%,27010,22993,117472000,"4,901,796.24",75.04,0.51
8/1/1989,1,2,247695,0,0,1,4.71%,27056,22993,117655000,"4,901,796.24",75.04,0.51
9/1/1989,1,2,247942,0,0,1,4.34%,27110,22993,117354000,"4,901,796.24",75.04,0.51
10/1/1989,1,3,248174,0,0,1,4.49%,27218,23139,117581000,"4,901,796.24",75.04,0.51
11/1/1989,1,3,248380,0,0,1,4.66%,27221,23139,117912000,"4,901,796.24",75.04,0.51
12/1/1989,1,3,248569,0,0,1,4.65%,27201,23139,117830000,"4,901,796.24",75.04,0.51
1/1/1990,1,0,248743,0,0,0,5.20%,27341,23591,119081000,"4,723,209.68",75.19,0.54
2/1/1990,1,0,248920,0,0,0,5.26%,27379,23591,119059000,"4,723,209.68",75.19,0.54
3/1/1990,1,0,249146,0,0,0,5.23%,27361,23591,119203000,"4,723,209.68",75.19,0.54
4/1/1990,1,1,249436,0,0,0,4.71%,27505,23868,118852000,"4,723,209.68",75.19,0.54
5/1/1990,1,1,249707,0,0,0,4.36%,27442,23868,119151000,"4,723,209.68",75.19,0.54
6/1/1990,1,1,249990,0,0,0,4.67%,27450,23868,118983000,"4,723,209.68",75.19,0.54
7/1/1990,1,2,250285,0,0,0,4.82%,27513,24003,118810000,"4,723,209.68",75.19,0.54
8/1/1990,1,2,250595,0,0,0,5.62%,27306,24003,118802000,"4,723,209.68",75.19,0.54
9/1/1990,1,2,250904,0,0,0,6.16%,27259,24003,118524000,"4,723,209.68",75.19,0.54
10/1/1990,1,3,251201,0,0,0,6.29%,27004,23877,118536000,"4,723,209.68",75.19,0.54
11/1/1990,1,3,251486,0,0,0,6.27%,26980,23877,118306000,"4,723,209.68",75.19,0.54
12/1/1990,1,3,251758,0,0,0,6.11%,27106,23877,118241000,"4,723,209.68",75.19,0.54
1/1/1991,1,0,252012,0,0,0,5.65%,27001,23925,117940000,"4,535,800.31",75.35,0.58
2/1/1991,1,0,252253,0,0,0,5.31%,27013,23925,117755000,"4,535,800.31",75.35,0.58
3/1/1991,1,0,252507,0,0,0,4.90%,27029,23925,117652000,"4,535,800.31",75.35,0.58
4/1/1991,1,1,252778,0,0,0,4.89%,27105,24211,118109000,"4,535,800.31",75.35,0.58
5/1/1991,1,1,253060,0,0,0,4.95%,27080,24211,117440000,"4,535,800.31",75.35,0.58
6/1/1991,1,1,253350,0,0,0,4.70%,27190,24211,117639000,"4,535,800.31",75.35,0.58
7/1/1991,1,2,253650,0,0,0,4.45%,27105,24436,117568000,"4,535,800.31",75.35,0.58
8/1/1991,1,2,253966,0,0,0,3.80%,27135,24436,117484000,"4,535,800.31",75.35,0.58
9/1/1991,1,2,254280,0,0,0,3.39%,27177,24436,117928000,"4,535,800.31",75.35,0.58
10/1/1991,1,3,254576,0,0,0,2.92%,27187,24583,117800000,"4,535,800.31",75.35,0.58
11/1/1991,1,3,254841,0,0,0,2.99%,27202,24583,117770000,"4,535,800.31",75.35,0.58
12/1/1991,1,3,255089,0,0,0,3.06%,27425,24583,117466000,"4,535,800.31",75.35,0.58
1/1/1992,1,0,255331,0,0,0,2.60%,27671,24896,117978000,"4,306,748.49",75.5,0.61
2/1/1992,1,0,255576,0,0,0,2.82%,27772,24896,117753000,"4,306,748.49",75.5,0.61
3/1/1992,1,0,255848,0,0,0,3.19%,27772,24896,118144000,"4,306,748.49",75.5,0.61
4/1/1992,1,1,256139,0,0,0,3.18%,27824,25233,118426000,"4,306,748.49",75.5,0.61
5/1/1992,1,1,256437,0,0,0,3.02%,27925,25233,118375000,"4,306,748.49",75.5,0.61
6/1/1992,1,1,256742,0,0,0,3.09%,28012,25233,118419000,"4,306,748.49",75.5,0.61
7/1/1992,1,2,257063,0,0,0,3.16%,27958,25513,118713000,"4,306,748.49",75.5,0.61
8/1/1992,1,2,257390,0,0,0,3.15%,28023,25513,118826000,"4,306,748.49",75.5,0.61
9/1/1992,1,2,257704,0,0,0,2.99%,27860,25513,118720000,"4,306,748.49",75.5,0.61
10/1/1992,1,3,258004,0,0,0,3.20%,27649,25867,118628000,"4,306,748.49",75.5,0.61
11/1/1992,1,3,258280,0,0,0,3.05%,27662,25867,118876000,"4,306,748.49",75.5,0.61
12/1/1992,1,3,258546,0,0,0,2.90%,28618,25867,118997000,"4,306,748.49",75.5,0.61
1/1/1993,1,0,258799,0,0,0,3.26%,27966,25979,119075000,"4,341,878.35",75.65,0.63
2/1/1993,1,0,259036,0,0,0,3.25%,28073,25979,119275000,"4,341,878.35",75.65,0.63
3/1/1993,1,0,259283,0,0,0,3.09%,27959,25979,119542000,"4,341,878.35",75.65,0.63
4/1/1993,1,1,259547,0,0,0,3.23%,28075,26206,119474000,"4,341,878.35",75.65,0.63
5/1/1993,1,1,259822,0,0,0,3.22%,28005,26206,120115000,"4,341,878.35",75.65,0.63
6/1/1993,1,1,260109,0,0,0,3.00%,27923,26206,120290000,"4,341,878.35",75.65,0.63
7/1/1993,1,2,260411,0,0,0,2.78%,27961,26397,120467000,"4,341,878.35",75.65,0.63
8/1/1993,1,2,260717,0,0,0,2.77%,27968,26397,120856000,"4,341,878.35",75.65,0.63
9/1/1993,1,2,261015,0,0,0,2.69%,27860,26397,120554000,"4,341,878.35",75.65,0.63
10/1/1993,1,3,261294,0,0,0,2.75%,27694,26816,120823000,"4,341,878.35",75.65,0.63
11/1/1993,1,3,261550,0,0,0,2.68%,27744,26816,121169000,"4,341,878.35",75.65,0.63
12/1/1993,1,3,261796,0,0,0,2.75%,28662,26816,121464000,"4,341,878.35",75.65,0.63
1/1/1994,0,0,262021,0,0,0,2.52%,28101,27133,121966000,"4,475,192.13",75.81,0.64
2/1/1994,0,0,262237,0,0,0,2.52%,28132,27133,122086000,"4,475,192.13",75.81,0.64
3/1/1994,0,0,262491,0,0,0,2.51%,28198,27133,121930000,"4,475,192.13",75.81,0.64
4/1/1994,0,1,262754,0,0,0,2.36%,28171,27553,122290000,"4,475,192.13",75.81,0.64
5/1/1994,0,1,263014,0,0,0,2.29%,28468,27553,122864000,"4,475,192.13",75.81,0.64
6/1/1994,0,1,263294,0,0,0,2.49%,28392,27553,122634000,"4,475,192.13",75.81,0.64
7/1/1994,0,2,263580,0,0,0,2.77%,28385,27783,122706000,"4,475,192.13",75.81,0.64
8/1/1994,0,2,263871,0,0,0,2.90%,28387,27783,123342000,"4,475,192.13",75.81,0.64
9/1/1994,0,2,264159,0,0,0,2.96%,28480,27783,123687000,"4,475,192.13",75.81,0.64
10/1/1994,0,3,264430,0,0,0,2.61%,28721,28167,124112000,"4,475,192.13",75.81,0.64
11/1/1994,0,3,264681,0,0,0,2.67%,28693,28167,124516000,"4,475,192.13",75.81,0.64
12/1/1994,0,3,264924,0,0,0,2.67%,28797,28167,124721000,"4,475,192.13",75.81,0.64
1/1/1995,0,0,265157,1,1,0,2.80%,28865,28344,124663000,"4,492,555.38",75.98,0.64
2/1/1995,0,0,265383,1,1,0,2.86%,28898,28344,124928000,"4,492,555.38",75.98,0.64
3/1/1995,0,0,265625,1,1,0,2.85%,28952,28344,124955000,"4,492,555.38",75.98,0.64
4/1/1995,0,1,265877,1,1,0,3.05%,28711,28485,124945000,"4,492,555.38",75.98,0.64
5/1/1995,0,1,266134,1,1,0,3.19%,28974,28485,124421000,"4,492,555.38",75.98,0.64
6/1/1995,0,1,266414,1,1,0,3.04%,29030,28485,124522000,"4,492,555.38",75.98,0.64
7/1/1995,0,2,266700,1,1,0,2.76%,29064,28776,124816000,"4,492,555.38",75.98,0.64
8/1/1995,0,2,266998,1,1,0,2.62%,29051,28776,124852000,"4,492,555.38",75.98,0.64
9/1/1995,0,2,267304,1,1,0,2.54%,29113,28776,125133000,"4,492,555.38",75.98,0.64
10/1/1995,0,3,267585,1,1,0,2.81%,29115,29022,125388000,"4,492,555.38",75.98,0.64
11/1/1995,0,3,267829,1,1,0,2.61%,29169,29022,125188000,"4,492,555.38",75.98,0.64
12/1/1995,0,3,268047,1,1,0,2.54%,29185,29022,125088000,"4,492,555.38",75.98,0.64
1/1/1996,0,0,268258,1,1,0,2.73%,29202,29307,125125000,"4,495,463.31",76.14,0.64
2/1/1996,0,0,268480,1,1,0,2.65%,29404,29307,125639000,"4,495,463.31",76.14,0.64
3/1/1996,0,0,268724,1,1,0,2.84%,29472,29307,125862000,"4,495,463.31",76.14,0.64
4/1/1996,0,1,268980,1,1,0,2.90%,29267,29834,125994000,"4,495,463.31",76.14,0.64
5/1/1996,0,1,269247,1,1,0,2.89%,29609,29834,126244000,"4,495,463.31",76.14,0.64
6/1/1996,0,1,269527,1,1,0,2.75%,29757,29834,126602000,"4,495,463.31",76.14,0.64
7/1/1996,0,2,269822,1,1,0,2.95%,29647,30102,126947000,"4,495,463.31",76.14,0.64
8/1/1996,0,2,270130,1,1,0,2.88%,29689,30102,127172000,"4,495,463.31",76.14,0.64
9/1/1996,0,2,270433,1,1,0,3.00%,29725,30102,127536000,"4,495,463.31",76.14,0.64
10/1/1996,0,3,270730,1,1,0,2.99%,29691,30480,127890000,"4,495,463.31",76.14,0.64
11/1/1996,0,3,271002,1,1,0,3.26%,29742,30480,127771000,"4,495,463.31",76.14,0.64
12/1/1996,0,3,271243,1,1,0,3.32%,29817,30480,127860000,"4,495,463.31",76.14,0.64
1/1/1997,0,0,271472,1,1,0,3.04%,29877,30778,128298000,"4,688,373.18",76.31,0.63
2/1/1997,0,0,271703,1,1,0,3.03%,29935,30778,128298000,"4,688,373.18",76.31,0.63
3/1/1997,0,0,271952,1,1,0,2.76%,30050,30778,128891000,"4,688,373.18",76.31,0.63
4/1/1997,0,1,272213,1,1,0,2.50%,30043,31263,129143000,"4,688,373.18",76.31,0.63
5/1/1997,0,1,272482,1,1,0,2.23%,30146,31263,129464000,"4,688,373.18",76.31,0.63
6/1/1997,0,1,272767,1,1,0,2.30%,30211,31263,129412000,"4,688,373.18",76.31,0.63
7/1/1997,0,2,273074,1,1,0,2.23%,30291,31687,129822000,"4,688,373.18",76.31,0.63
8/1/1997,0,2,273395,1,1,0,2.23%,30412,31687,130010000,"4,688,373.18",76.31,0.63
9/1/1997,0,2,273703,1,1,0,2.15%,30458,31687,130019000,"4,688,373.18",76.31,0.63
10/1/1997,0,3,273989,1,1,0,2.08%,30577,31964,130179000,"4,688,373.18",76.31,0.63
11/1/1997,0,3,274249,1,1,0,1.83%,30745,31964,130653000,"4,688,373.18",76.31,0.63
12/1/1997,0,3,274499,1,1,0,1.70%,30894,31964,130679000,"4,688,373.18",76.31,0.63
1/1/1998,0,0,274732,1,1,0,1.57%,31139,32248,130726000,"4,892,526.07",76.47,0.6
2/1/1998,0,0,274943,1,1,0,1.44%,31312,32248,130807000,"4,892,526.07",76.47,0.6
3/1/1998,0,0,275175,1,1,0,1.37%,31465,32248,130814000,"4,892,526.07",76.47,0.6
4/1/1998,0,1,275434,1,1,0,1.44%,31534,32534,131209000,"4,892,526.07",76.47,0.6
5/1/1998,0,1,275700,1,1,0,1.69%,31632,32534,131325000,"4,892,526.07",76.47,0.6
6/1/1998,0,1,275976,1,1,0,1.68%,31780,32534,131244000,"4,892,526.07",76.47,0.6
7/1/1998,0,2,276266,1,1,0,1.68%,31803,32980,131329000,"4,892,526.07",76.47,0.6
8/1/1998,0,2,276566,1,1,0,1.62%,31871,32980,131390000,"4,892,526.07",76.47,0.6
9/1/1998,0,2,276859,1,1,0,1.49%,31931,32980,131986000,"4,892,526.07",76.47,0.6
10/1/1998,0,3,277140,1,1,0,1.49%,31945,33504,131999000,"4,892,526.07",76.47,0.6
11/1/1998,0,3,277402,1,1,0,1.55%,32047,33504,132280000,"4,892,526.07",76.47,0.6
12/1/1998,0,3,277658,1,1,0,1.61%,32080,33504,132602000,"4,892,526.07",76.47,0.6
1/1/1999,0,0,277891,1,1,0,1.67%,32230,33842,133027000,"4,955,081.42",76.61,0.58
2/1/1999,0,0,278095,1,1,0,1.61%,32319,33842,132856000,"4,955,081.42",76.61,0.58
3/1/1999,0,0,278324,1,1,0,1.73%,32325,33842,132947000,"4,955,081.42",76.61,0.58
4/1/1999,0,1,278584,1,1,0,2.28%,32195,34161,132955000,"4,955,081.42",76.61,0.58
5/1/1999,0,1,278859,1,1,0,2.09%,32225,34161,133311000,"4,955,081.42",76.61,0.58
6/1/1999,0,1,279148,1,1,0,1.96%,32306,34161,133378000,"4,955,081.42",76.61,0.58
7/1/1999,0,2,279448,1,1,0,2.14%,32338,34626,133414000,"4,955,081.42",76.61,0.58
8/1/1999,0,2,279752,1,1,0,2.26%,32444,34626,133591000,"4,955,081.42",76.61,0.58
9/1/1999,0,2,280053,1,1,0,2.63%,32373,34626,133707000,"4,955,081.42",76.61,0.58
10/1/1999,0,3,280337,1,1,0,2.56%,32522,35283,133993000,"4,955,081.42",76.61,0.58
11/1/1999,0,3,280594,1,1,0,2.62%,32706,35283,134309000,"4,955,081.42",76.61,0.58
12/1/1999,0,3,280846,1,1,0,2.68%,32931,35283,134523000,"4,955,081.42",76.61,0.58
1/1/2000,0,0,281083,1,1,0,2.74%,33119,35556,136559000,"4,844,990.00",76.75,0.55
2/1/2000,0,0,281299,1,1,0,3.22%,33222,35556,136598000,"4,844,990.00",76.75,0.55
3/1/2000,0,0,281531,1,1,0,3.76%,33284,35556,136701000,"4,844,990.00",76.75,0.55
4/1/2000,0,1,281763,1,1,0,3.07%,33426,36339,137270000,"4,844,990.00",76.75,0.55
5/1/2000,0,1,281996,1,1,0,3.19%,33537,36339,136630000,"4,844,990.00",76.75,0.55
6/1/2000,0,1,282247,1,1,0,3.73%,33599,36339,136940000,"4,844,990.00",76.75,0.55
7/1/2000,0,2,282504,1,1,0,3.66%,33746,36490,136531000,"4,844,990.00",76.75,0.55
8/1/2000,0,2,282769,1,1,0,3.41%,33920,36490,136662000,"4,844,990.00",76.75,0.55
9/1/2000,0,2,283033,1,1,0,3.45%,33924,36490,136893000,"4,844,990.00",76.75,0.55
10/1/2000,0,3,283285,1,1,0,3.45%,33985,36808,137088000,"4,844,990.00",76.75,0.55
11/1/2000,0,3,283523,1,1,0,3.45%,33965,36808,137322000,"4,844,990.00",76.75,0.55
12/1/2000,0,3,283748,1,1,0,3.39%,34001,36808,137614000,"4,844,990.00",76.75,0.55
1/1/2001,1,0,283960,1,1,0,3.73%,34151,36845,137778000,"4,808,090.00",76.9,0.55
2/1/2001,1,0,284166,1,1,0,3.53%,34166,36845,137612000,"4,808,090.00",76.9,0.55
3/1/2001,1,0,284380,1,1,0,2.92%,34228,36845,137783000,"4,808,090.00",76.9,0.55
4/1/2001,1,1,284602,1,1,0,3.27%,34100,37211,137299000,"4,808,090.00",76.9,0.55
5/1/2001,1,1,284834,1,1,0,3.62%,33988,37211,137092000,"4,808,090.00",76.9,0.55
6/1/2001,1,1,285076,1,1,0,3.25%,33954,37211,136873000,"4,808,090.00",76.9,0.55
7/1/2001,1,2,285324,1,1,0,2.72%,34420,37110,137071000,"4,808,090.00",76.9,0.55
8/1/2001,1,2,285584,1,1,0,2.72%,34953,37110,136241000,"4,808,090.00",76.9,0.55
9/1/2001,1,2,285842,1,1,0,2.65%,34622,37110,136846000,"4,808,090.00",76.9,0.55
10/1/2001,1,3,286086,1,1,0,2.13%,33984,37234,136392000,"4,808,090.00",76.9,0.55
11/1/2001,1,3,286315,1,1,0,1.90%,33995,37234,136238000,"4,808,090.00",76.9,0.55
12/1/2001,1,3,286533,1,1,0,1.55%,34028,37234,136047000,"4,808,090.00",76.9,0.55
1/1/2002,1,0,286739,1,1,0,1.14%,34707,38099,135701000,"4,880,200.00",77.04,0.57
2/1/2002,1,0,286935,1,1,0,1.14%,34735,38099,136438000,"4,880,200.00",77.04,0.57
3/1/2002,1,0,287131,1,1,0,1.48%,34734,38099,136177000,"4,880,200.00",77.04,0.57
4/1/2002,1,1,287343,1,1,0,1.64%,34827,38274,136126000,"4,880,200.00",77.04,0.57
5/1/2002,1,1,287571,1,1,0,1.18%,34941,38274,136539000,"4,880,200.00",77.04,0.57
6/1/2002,1,1,287808,1,1,0,1.07%,35018,38274,136415000,"4,880,200.00",77.04,0.57
7/1/2002,1,2,288051,1,1,0,1.46%,34902,38584,136413000,"4,880,200.00",77.04,0.57
8/1/2002,1,2,288303,1,1,0,1.80%,34882,38584,136705000,"4,880,200.00",77.04,0.57
9/1/2002,1,2,288554,1,1,0,1.51%,34892,38584,137302000,"4,880,200.00",77.04,0.57
10/1/2002,1,3,288794,1,1,0,2.03%,34964,38976,137008000,"4,880,200.00",77.04,0.57
11/1/2002,1,3,289012,1,1,0,2.20%,35031,38976,136521000,"4,880,200.00",77.04,0.57
12/1/2002,1,3,289214,1,1,0,2.38%,35090,38976,136426000,"4,880,200.00",77.04,0.57
1/1/2003,1,0,289412,1,1,1,2.60%,35015,39752,137417000,"5,000,350.00",77.18,0.59
2/1/2003,1,0,289606,1,1,1,2.98%,34867,39752,137482000,"5,000,350.00",77.18,0.59
3/1/2003,1,0,289809,1,1,1,3.02%,34925,39752,137434000,"5,000,350.00",77.18,0.59
4/1/2003,1,1,290024,1,1,1,2.22%,35105,40362,137633000,"5,000,350.00",77.18,0.59
5/1/2003,1,1,290250,1,1,1,2.06%,35353,40362,137544000,"5,000,350.00",77.18,0.59
6/1/2003,1,1,290484,1,1,1,2.11%,35428,40362,137790000,"5,000,350.00",77.18,0.59
7/1/2003,1,2,290726,1,1,1,2.11%,35826,40801,137474000,"5,000,350.00",77.18,0.59
8/1/2003,1,2,290974,1,1,0,2.16%,36043,40801,137549000,"5,000,350.00",77.18,0.59
9/1/2003,1,2,291222,1,1,0,2.32%,35605,40801,137609000,"5,000,350.00",77.18,0.59
10/1/2003,1,3,291463,1,1,0,2.04%,35711,41358,137984000,"5,000,350.00",77.18,0.59
11/1/2003,1,3,291677,1,1,0,1.77%,35899,41358,138424000,"5,000,350.00",77.18,0.59
12/1/2003,1,3,291868,1,1,0,1.88%,35903,41358,138411000,"5,000,350.00",77.18,0.59
1/1/2004,1,0,292046,1,1,0,1.93%,35860,41911,138472000,"5,073,230.00",77.38,0.6
2/1/2004,1,0,292230,1,1,0,1.69%,35901,41911,138542000,"5,073,230.00",77.38,0.6
3/1/2004,1,0,292434,1,1,0,1.74%,36020,41911,138453000,"5,073,230.00",77.38,0.6
4/1/2004,1,1,292651,1,1,0,2.29%,36117,42561,138680000,"5,073,230.00",77.38,0.6
5/1/2004,1,1,292872,1,1,0,3.05%,36273,42561,138852000,"5,073,230.00",77.38,0.6
6/1/2004,1,1,293103,1,1,0,3.27%,36273,42561,139174000,"5,073,230.00",77.38,0.6
7/1/2004,1,2,293350,1,1,0,2.99%,36332,43285,139556000,"5,073,230.00",77.38,0.6
8/1/2004,1,2,293603,1,1,0,2.65%,36422,43285,139573000,"5,073,230.00",77.38,0.6
9/1/2004,1,2,293857,1,1,0,2.54%,36417,43285,139487000,"5,073,230.00",77.38,0.6
10/1/2004,1,3,294104,1,1,0,3.19%,36407,43718,139732000,"5,073,230.00",77.38,0.6
11/1/2004,1,3,294337,1,1,0,3.52%,36276,43718,140231000,"5,073,230.00",77.38,0.6
12/1/2004,1,3,294561,1,1,0,3.26%,37591,43718,140125000,"5,073,230.00",77.38,0.6
1/1/2005,1,0,294768,1,1,0,2.97%,36199,44350,140245000,"5,126,900.00",77.58,0.61
2/1/2005,1,0,294955,1,1,0,3.01%,36199,44350,140385000,"5,126,900.00",77.58,0.61
3/1/2005,1,0,295149,1,1,0,3.15%,36312,44350,140654000,"5,126,900.00",77.58,0.61
4/1/2005,1,1,295359,1,1,0,3.51%,36403,44850,141254000,"5,126,900.00",77.58,0.61
5/1/2005,1,1,295582,1,1,0,2.80%,36537,44850,141609000,"5,126,900.00",77.58,0.61
6/1/2005,1,1,295824,1,1,0,2.53%,36591,44850,141714000,"5,126,900.00",77.58,0.61
7/1/2005,1,2,296077,1,1,0,3.17%,36609,45675,142026000,"5,126,900.00",77.58,0.61
8/1/2005,1,2,296338,1,1,0,3.64%,36636,45675,142434000,"5,126,900.00",77.58,0.61
9/1/2005,1,2,296606,1,1,0,4.69%,36465,45675,142401000,"5,126,900.00",77.58,0.61
10/1/2005,1,3,296857,1,1,0,4.35%,36617,46089,142548000,"5,126,900.00",77.58,0.61
11/1/2005,1,3,297089,1,1,0,3.46%,36817,46089,142499000,"5,126,900.00",77.58,0.61
12/1/2005,1,3,297311,1,1,0,3.42%,36918,46089,142752000,"5,126,900.00",77.58,0.61
1/1/2006,1,0,297526,1,1,0,3.99%,37297,46361,143150000,"5,283,110.00",77.79,0.61
2/1/2006,1,0,297734,1,1,0,3.60%,37454,46361,143457000,"5,283,110.00",77.79,0.61
3/1/2006,1,0,297950,1,1,0,3.36%,37576,46361,143741000,"5,283,110.00",77.79,0.61
4/1/2006,1,1,298170,1,1,0,3.55%,37530,46807,143761000,"5,283,110.00",77.79,0.61
5/1/2006,1,1,298401,1,1,0,4.17%,37475,46807,144089000,"5,283,110.00",77.79,0.61
6/1/2006,1,1,298653,1,1,0,4.32%,37496,46807,144353000,"5,283,110.00",77.79,0.61
7/1/2006,1,2,298910,1,1,0,4.15%,37457,47289,144202000,"5,283,110.00",77.79,0.61
8/1/2006,1,2,299178,1,1,0,3.82%,37401,47289,144625000,"5,283,110.00",77.79,0.61
9/1/2006,1,2,299452,1,1,0,2.06%,37576,47289,144815000,"5,283,110.00",77.79,0.61
10/1/2006,1,3,299710,1,1,0,1.31%,37723,47802,145314000,"5,283,110.00",77.79,0.61
11/1/2006,1,3,299950,1,1,0,1.97%,37850,47802,145534000,"5,283,110.00",77.79,0.61
12/1/2006,1,3,300178,1,1,0,2.54%,38000,47802,145970000,"5,283,110.00",77.79,0.61
1/1/2007,1,0,300398,0,0,0,2.08%,37962,48216,146028000,"5,547,990.00",77.99,0.62
2/1/2007,1,0,300608,0,0,0,2.42%,38055,48216,146057000,"5,547,990.00",77.99,0.62
3/1/2007,1,0,300823,0,0,0,2.78%,38145,48216,146320000,"5,547,990.00",77.99,0.62
4/1/2007,1,1,301045,0,0,0,2.57%,38167,48592,145586000,"5,547,990.00",77.99,0.62
5/1/2007,1,1,301278,0,0,0,2.69%,38156,48592,145903000,"5,547,990.00",77.99,0.62
6/1/2007,1,1,301528,0,0,0,2.69%,38101,48592,146063000,"5,547,990.00",77.99,0.62
7/1/2007,1,2,301790,0,0,0,2.36%,38107,48457,145905000,"5,547,990.00",77.99,0.62
8/1/2007,1,2,302064,0,0,0,1.97%,38092,48457,145682000,"5,547,990.00",77.99,0.62
9/1/2007,1,2,302334,0,0,0,2.76%,38127,48457,146244000,"5,547,990.00",77.99,0.62
10/1/2007,1,3,302590,0,0,0,3.54%,38083,48875,145946000,"5,547,990.00",77.99,0.62
11/1/2007,1,3,302834,0,0,0,4.31%,38015,48875,146595000,"5,547,990.00",77.99,0.62
12/1/2007,1,3,303062,0,0,0,4.08%,38118,48875,146273000,"5,547,990.00",77.99,0.62
1/1/2008,1,0,303280,0,0,0,4.28%,38095,48865,146378000,"5,590,700.00",78.19,0.68
2/1/2008,1,0,303494,0,0,0,4.03%,38049,48865,146156000,"5,590,700.00",78.19,0.68
3/1/2008,1,0,303707,0,0,0,3.98%,38015,48865,146086000,"5,590,700.00",78.19,0.68
4/1/2008,1,1,303926,0,0,0,3.94%,37841,47799,146132000,"5,590,700.00",78.19,0.68
5/1/2008,1,1,304157,0,0,0,4.18%,39653,47799,145908000,"5,590,700.00",78.19,0.68
6/1/2008,1,1,304396,0,0,0,5.02%,38619,47799,145737000,"5,590,700.00",78.19,0.68
7/1/2008,1,2,304646,0,0,0,5.60%,37992,47123,145532000,"5,590,700.00",78.19,0.68
8/1/2008,1,2,304903,0,0,0,5.37%,37739,47123,145203000,"5,590,700.00",78.19,0.68
9/1/2008,1,2,305158,0,0,0,4.94%,37789,47123,145076000,"5,590,700.00",78.19,0.68
10/1/2008,1,3,305403,0,0,0,3.66%,38037,46865,144802000,"5,590,700.00",78.19,0.68
11/1/2008,1,3,305620,0,0,0,1.07%,38328,46865,144100000,"5,590,700.00",78.19,0.68
12/1/2008,1,3,305827,0,0,0,0.09%,38111,46865,143369000,"5,590,700.00",78.19,0.68
1/1/2009,0,0,306035,0,0,0,0.03%,38290,46977,142152000,"5,610,300.00",78.34,0.82
2/1/2009,0,0,306237,0,0,0,0.24%,37875,46977,141640000,"5,610,300.00",78.34,0.82
3/1/2009,0,0,306438,0,0,0,-0.38%,37833,46977,140707000,"5,610,300.00",78.34,0.82
4/1/2009,0,1,306645,0,0,0,-0.74%,38025,47525,140656000,"5,610,300.00",78.34,0.82
5/1/2009,0,1,306863,0,0,0,-1.28%,38541,47525,140248000,"5,610,300.00",78.34,0.82
6/1/2009,0,1,307090,0,0,0,-1.43%,37809,47525,140009000,"5,610,300.00",78.34,0.82
7/1/2009,0,2,307322,0,0,0,-2.10%,37616,47797,139901000,"5,610,300.00",78.34,0.82
8/1/2009,0,2,307570,0,0,0,-1.48%,37515,47797,139492000,"5,610,300.00",78.34,0.82
9/1/2009,0,2,307826,0,0,0,-1.29%,37596,47797,138818000,"5,610,300.00",78.34,0.82
10/1/2009,0,3,308071,0,0,0,-0.18%,37453,48408,138432000,"5,610,300.00",78.34,0.82
11/1/2009,0,3,308289,0,0,0,1.84%,37533,48408,138659000,"5,610,300.00",78.34,0.82
12/1/2009,0,3,308495,0,0,0,2.72%,37699,48408,138013000,"5,610,300.00",78.34,0.82
1/1/2010,0,0,308706,0,0,0,2.63%,37721,48834,138438000,"5,776,410.00",78.49,0.9
2/1/2010,0,0,308904,0,0,0,2.14%,37732,48834,138581000,"5,776,410.00",78.49,0.9
3/1/2010,0,0,309095,0,0,0,2.31%,37859,48834,138751000,"5,776,410.00",78.49,0.9
4/1/2010,0,1,309279,0,0,0,2.24%,38152,49278,139297000,"5,776,410.00",78.49,0.9
5/1/2010,0,1,309457,0,0,0,2.02%,38415,49278,139241000,"5,776,410.00",78.49,0.9
6/1/2010,0,1,309643,0,0,0,1.05%,38415,49278,139141000,"5,776,410.00",78.49,0.9
7/1/2010,0,2,309847,0,0,0,1.24%,38441,49334,139179000,"5,776,410.00",78.49,0.9
8/1/2010,0,2,310060,0,0,0,1.15%,38540,49334,139438000,"5,776,410.00",78.49,0.9
9/1/2010,0,2,310280,0,0,0,1.14%,38512,49334,139396000,"5,776,410.00",78.49,0.9
10/1/2010,0,3,310488,0,0,0,1.17%,38489,49914,139119000,"5,776,410.00",78.49,0.9
11/1/2010,0,3,310677,0,0,0,1.14%,38498,49914,139044000,"5,776,410.00",78.49,0.9
12/1/2010,0,3,310858,0,0,0,1.50%,38700,49914,139301000,"5,776,410.00",78.49,0.9
1/1/2011,0,0,311023,1,0,0,1.63%,38854,50106,139250000,"5,749,250.00",78.64,0.95
2/1/2011,0,0,311173,1,0,0,2.11%,38940,50106,139394000,"5,749,250.00",78.64,0.95
3/1/2011,0,0,311333,1,0,0,2.68%,38811,50106,139639000,"5,749,250.00",78.64,0.95
4/1/2011,0,1,311502,1,0,0,3.16%,38720,50633,139586000,"5,749,250.00",78.64,0.95
5/1/2011,0,1,311678,1,0,0,3.57%,38640,50633,139624000,"5,749,250.00",78.64,0.95
6/1/2011,0,1,311872,1,0,0,3.56%,38759,50633,139384000,"5,749,250.00",78.64,0.95
7/1/2011,0,2,312077,1,0,0,3.63%,38864,51275,139524000,"5,749,250.00",78.64,0.95
8/1/2011,0,2,312292,1,0,0,3.77%,38812,51275,139942000,"5,749,250.00",78.64,0.95
9/1/2011,0,2,312509,1,0,0,3.87%,38732,51275,140183000,"5,749,250.00",78.64,0.95
10/1/2011,0,3,312708,1,0,0,3.53%,38748,51633,140368000,"5,749,250.00",78.64,0.95
11/1/2011,0,3,312889,1,0,0,3.39%,38712,51633,140826000,"5,749,250.00",78.64,0.95
12/1/2011,0,3,313064,1,0,0,2.96%,39057,51633,140902000,"5,749,250.00",78.64,0.95
1/1/2012,0,0,313227,1,0,0,2.93%,39304,51892,141584000,"5,594,160.00",78.79,0.99
2/1/2012,0,0,313383,1,0,0,2.87%,39520,51892,141858000,"5,594,160.00",78.79,0.99
3/1/2012,0,0,313546,1,0,0,2.65%,39647,51892,142036000,"5,594,160.00",78.79,0.99
4/1/2012,0,1,313710,1,0,0,2.30%,39803,52114,141899000,"5,594,160.00",78.79,0.99
5/1/2012,0,1,313883,1,0,0,1.70%,39793,52114,142206000,"5,594,160.00",78.79,0.99
6/1/2012,0,1,314072,1,0,0,1.66%,39745,52114,142391000,"5,594,160.00",78.79,0.99
7/1/2012,0,2,314272,1,0,0,1.41%,39445,52700,142292000,"5,594,160.00",78.79,0.99
8/1/2012,0,2,314489,1,0,0,1.69%,39316,52700,142291000,"5,594,160.00",78.79,0.99
9/1/2012,0,2,314703,1,0,0,1.99%,39572,52700,143044000,"5,594,160.00",78.79,0.99
10/1/2012,0,3,314905,1,0,0,2.16%,39816,52843,143431000,"5,594,160.00",78.79,0.99
11/1/2012,0,3,315092,1,0,0,1.76%,40315,52843,143333000,"5,594,160.00",78.79,0.99
12/1/2012,0,3,315258,1,0,0,1.74%,41273,52843,143330000,"5,594,160.00",78.79,0.99
1/1/2013,0,0,315400,1,0,0,1.59%,38868,53410,143292000,"5,659,630.00",78.94,0.99
2/1/2013,0,0,315535,1,0,0,1.98%,38743,53410,143362000,"5,659,630.00",78.94,0.99
3/1/2013,0,0,315682,1,0,0,1.47%,38843,53410,143316000,"5,659,630.00",78.94,0.99
4/1/2013,0,1,315841,1,0,0,1.06%,38941,54006,143635000,"5,659,630.00",78.94,0.99
5/1/2013,0,1,316016,1,0,0,1.36%,39107,54006,143882000,"5,659,630.00",78.94,0.99
6/1/2013,0,1,316202,1,0,0,1.75%,39094,54006,143999000,"5,659,630.00",78.94,0.99
7/1/2013,0,2,316405,1,0,0,1.96%,39034,53954,144264000,"5,659,630.00",78.94,0.99
8/1/2013,0,2,316627,1,0,0,1.52%,39098,53954,144326000,"5,659,630.00",78.94,0.99
9/1/2013,0,2,316846,1,0,0,1.18%,39235,53954,144418000,"5,659,630.00",78.94,0.99
10/1/2013,0,3,317055,1,0,0,0.96%,39094,54865,143537000,"5,659,630.00",78.94,0.99
11/1/2013,0,3,317248,1,0,0,1.24%,39169,54865,144479000,"5,659,630.00",78.94,0.99
12/1/2013,0,3,317429,1,0,0,1.50%,39230,54865,144778000,"5,659,630.00",78.94,0.99
1/1/2014,0,0,317598,1,0,0,1.58%,39400,55635,145150000,"5,740,030.00",78.91,1.01
2/1/2014,0,0,317758,1,0,0,1.13%,39588,55635,145134000,"5,740,030.00",78.91,1.01
3/1/2014,0,0,317924,1,0,0,1.51%,39785,55635,145648000,"5,740,030.00",78.91,1.01
4/1/2014,0,1,318098,1,0,0,1.95%,39921,55867,145667000,"5,740,030.00",78.91,1.01
5/1/2014,0,1,318284,1,0,0,2.13%,40043,55867,145825000,"5,740,030.00",78.91,1.01
6/1/2014,0,1,318479,1,0,0,2.07%,40182,55867,146247000,"5,740,030.00",78.91,1.01
7/1/2014,0,2,318692,1,0,0,1.99%,40274,56213,146399000,"5,740,030.00",78.91,1.01
8/1/2014,0,2,318921,1,0,0,1.70%,40437,56213,146530000,"5,740,030.00",78.91,1.01
9/1/2014,0,2,319149,1,0,0,1.66%,40542,56213,146778000,"5,740,030.00",78.91,1.01
10/1/2014,0,3,319367,1,0,0,1.66%,40691,56753,147427000,"5,740,030.00",78.91,1.01
11/1/2014,0,3,319561,1,0,0,1.32%,40877,56753,147404000,"5,740,030.00",78.91,1.01
12/1/2014,0,3,319742,1,0,0,0.76%,41129,56753,147615000,"5,740,030.00",78.91,1.01
1/1/2015,0,0,319904,1,1,0,-0.09%,41340,56995,148145000,"5,756,080.00",78.89,1
2/1/2015,0,0,320053,1,1,0,-0.03%,41467,56995,148045000,"5,756,080.00",78.89,1
3/1/2015,0,0,320215,1,1,0,-0.07%,41327,56995,148128000,"5,756,080.00",78.89,1
4/1/2015,0,1,320390,1,1,0,-0.20%,41396,56962,148511000,"5,756,080.00",78.89,1
5/1/2015,0,1,320574,1,1,0,-0.04%,41440,56962,148817000,"5,756,080.00",78.89,1
6/1/2015,0,1,320769,1,1,0,0.12%,41440,56962,148816000,"5,756,080.00",78.89,1
7/1/2015,0,2,320982,1,1,0,0.17%,41510,57159,148830000,"5,756,080.00",78.89,1
8/1/2015,0,2,321205,1,1,0,0.20%,41578,57159,149181000,"5,756,080.00",78.89,1
9/1/2015,0,2,321428,1,1,0,-0.04%,41664,57159,148826000,"5,756,080.00",78.89,1
10/1/2015,0,3,321641,1,1,0,0.17%,41723,57644,149246000,"5,756,080.00",78.89,1
11/1/2015,0,3,321834,1,1,0,0.50%,41691,57644,149463000,"5,756,080.00",78.89,1
12/1/2015,0,3,322020,1,1,0,0.73%,41867,57644,150128000,"5,756,080.00",78.89,1
1/1/2016,0,0,322196,1,1,0,1.37%,41998,58043,150653000,"5,656,580.00",78.86,1.05
2/1/2016,0,0,322353,1,1,0,1.02%,42023,58043,150939000,"5,656,580.00",78.86,1.05
3/1/2016,0,0,322513,1,1,0,0.85%,42005,58043,151218000,"5,656,580.00",78.86,1.05
4/1/2016,0,1,322685,1,1,0,1.13%,41905,58535,151074000,"5,656,580.00",78.86,1.05
5/1/2016,0,1,322867,1,1,0,1.02%,41860,58535,151132000,"5,656,580.00",78.86,1.05
6/1/2016,0,1,323061,1,1,0,1.01%,41854,58535,151223000,"5,656,580.00",78.86,1.05
7/1/2016,0,2,323265,1,1,0,0.84%,41969,59027,151554000,"5,656,580.00",78.86,1.05
8/1/2016,0,2,323473,1,1,0,1.06%,41979,59027,151779000,"5,656,580.00",78.86,1.05
9/1/2016,0,2,323680,1,1,0,1.46%,42042,59027,151761000,"5,656,580.00",78.86,1.05
10/1/2016,0,3,323876,1,1,0,1.64%,42077,59465,151793000,"5,656,580.00",78.86,1.05
11/1/2016,0,3,324052,1,1,0,1.69%,42147,59465,151954000,"5,656,580.00",78.86,1.05
12/1/2016,0,3,324216,1,1,0,2.07%,42210,59465,152157000,"5,656,580.00",78.86,1.05
1/1/2017,1,0,324362,1,1,0,2.50%,42367,60093,152150000,"5,740,270.00",78.84,1.04
2/1/2017,1,0,324494,1,1,0,2.74%,42504,60093,152414000,"5,740,270.00",78.84,1.04
3/1/2017,1,0,324632,1,1,0,2.38%,42668,60093,153050000,"5,740,270.00",78.84,1.04
4/1/2017,1,1,324783,1,1,0,2.20%,42704,60998,153274000,"5,740,270.00",78.84,1.04
5/1/2017,1,1,324944,1,1,0,1.87%,42969,60998,153017000,"5,740,270.00",78.84,1.04
6/1/2017,1,1,325117,1,1,0,1.63%,42949,60998,153356000,"5,740,270.00",78.84,1.04
7/1/2017,1,2,325296,1,1,0,1.73%,43037,61729,153612000,"5,740,270.00",78.84,1.04
8/1/2017,1,2,325476,1,1,0,1.94%,43062,61729,153592000,"5,740,270.00",78.84,1.04
9/1/2017,1,2,325653,1,1,0,2.23%,43085,61729,154266000,"5,740,270.00",78.84,1.04
10/1/2017,1,3,325820,1,1,0,2.04%,43161,62725,153633000,"5,740,270.00",78.84,1.04
11/1/2017,1,3,325968,1,1,0,2.20%,43189,62725,153749000,"5,740,270.00",78.84,1.04
12/1/2017,1,3,326100,1,1,0,2.11%,43274,62725,153911000,"5,740,270.00",78.84,1.04
1/1/2018,1,0,326216,1,1,0,2.07%,43564,63145,154495000,"5,563,340.00",78.81,1.05
2/1/2018,1,0,326323,1,1,0,2.21%,43669,63145,155174000,"5,563,340.00",78.81,1.05
3/1/2018,1,0,326437,1,1,0,2.36%,43801,63145,155266000,"5,563,340.00",78.81,1.05
4/1/2018,1,1,326563,1,1,0,2.46%,43880,63532,155363000,"5,563,340.00",78.81,1.05
5/1/2018,1,1,326699,1,1,0,2.80%,43995,63532,155688000,"5,563,340.00",78.81,1.05
6/1/2018,1,1,326847,1,1,0,2.87%,44107,63532,155768000,"5,563,340.00",78.81,1.05
7/1/2018,1,2,327005,1,1,0,2.95%,44241,64044,156186000,"5,563,340.00",78.81,1.05
8/1/2018,1,2,327167,1,1,0,2.70%,44349,64044,155567000,"5,563,340.00",78.81,1.05
9/1/2018,1,2,327328,1,1,0,2.28%,44295,64044,155948000,"5,563,340.00",78.81,1.05
10/1/2018,1,3,327477,1,1,0,2.52%,44362,64853,156306000,"5,563,340.00",78.81,1.05
11/1/2018,1,3,327607,1,1,0,2.18%,44414,64853,156598000,"5,563,340.00",78.81,1.05
12/1/2018,1,3,327722,1,1,0,1.91%,44914,64853,156745000,"5,563,340.00",78.81,1.05
1/1/2019,1,0,327824,0,1,0,1.55%,44885,65419,156625000,"5,159,550.00",78.87,1.07
2/1/2019,1,0,327921,0,1,0,1.52%,44956,65419,156904000,"5,159,550.00",78.87,1.07
3/1/2019,1,0,328025,0,1,0,1.86%,44913,65419,156809000,"5,159,550.00",78.87,1.07
4/1/2019,1,1,328140,0,1,0,2.00%,44731,65903,156741000,"5,159,550.00",78.87,1.07
5/1/2019,1,1,328267,0,1,0,1.79%,44700,65903,156883000,"5,159,550.00",78.87,1.07
6/1/2019,1,1,328404,0,1,0,1.65%,44721,65903,157131000,"5,159,550.00",78.87,1.07
7/1/2019,1,2,328561,0,1,0,1.81%,44752,65188,157617000,"5,159,550.00",78.87,1.07
8/1/2019,1,2,328730,0,1,0,1.75%,44954,65188,157861000,"5,159,550.00",78.87,1.07
9/1/2019,1,2,328897,0,1,0,1.71%,45023,65188,158230000,"5,159,550.00",78.87,1.07
10/1/2019,1,3,329054,0,1,0,1.76%,45043,59041,158356000,"5,159,550.00",78.87,1.07
11/1/2019,1,3,329191,0,1,0,2.05%,45220,59041,158540000,"5,159,550.00",78.87,1.07
12/1/2019,1,3,329314,0,1,0,2.29%,45076,59041,158735000,"5,159,550.00",78.87,1.07
1/1/2020,1,0,329423,0,1,0,2.49%,45463,63985,158659000,"5,392,870.00",78.93,1.29
2/1/2020,1,0,329527,0,1,0,2.33%,45729,63985,158732000,"5,392,870.00",78.93,1.29
3/1/2020,1,0,329638,0,1,1,1.54%,45031,63985,155536000,"5,392,870.00",78.93,1.29
4/1/2020,1,1,329760,0,1,1,0.33%,52070,64923,133370000,"5,392,870.00",78.93,1.29
5/1/2020,1,1,329894,0,1,1,0.12%,49510,64923,137224000,"5,392,870.00",78.93,1.29
6/1/2020,1,1,330038,0,1,1,0.65%,48653,64923,142100000,"5,392,870.00",78.93,1.29
7/1/2020,1,2,330199,0,1,1,0.99%,48916,66579,143777000,"5,392,870.00",78.93,1.29
8/1/2020,1,2,330368,0,1,1,1.31%,47080,66579,147276000,"5,392,870.00",78.93,1.29
9/1/2020,1,2,330535,0,1,1,1.37%,47327,66579,147543000,"5,392,870.00",78.93,1.29
10/1/2020,1,3,330692,0,1,1,1.18%,47078,68660,149669000,"5,392,870.00",78.93,1.29
11/1/2020,1,3,330829,0,1,1,1.17%,46449,68660,149809000,"5,392,870.00",78.93,1.29
12/1/2020,1,3,330924,0,1,1,1.36%,46518,68660,149830000,"5,392,870.00",78.93,1.29
1/1/2021,0,0,330968,0,0,1,1.40%,51330,68660,150031000,"5,172,100.00",78.99,1.255
2/1/2021,0,0,331004,0,0,1,1.70%,46973,68660,150239000,"5,172,100.00",78.99,1.255
3/1/2021,0,0,331061,0,0,1,2.60%,57752,68660,150848000,"5,172,100.00",78.99,1.255
4/1/2021,0,1,331126,0,0,1,4.20%,48630,68660,151176000,"5,172,100.00",78.99,1.255
5/1/2021,0,1,331204,0,0,1,5.00%,47095,68660,151620000,"5,172,100.00",78.99,1.255
6/1/2021,0,1,331297,0,0,1,5.40%,46839,68660,151602000,"5,172,100.00",78.99,1.255
7/1/2021,0,2,331395,0,0,1,5.40%,47165,68660,152645000,"5,172,100.00",78.99,1.255
8/1/2021,0,2,331507,0,0,1,5.30%,47010,68660,153154000,"5,172,100.00",78.99,1.255